{"cameraMode":{"drawMode":0,"name":"Shaded","section":"Shading Mode"},"sceneLighting":true,"audioPlay":false,"sceneViewState":{"m_AlwaysRefresh":true,"showFog":true,"showSkybox":true,"showFlares":true,"showImageEffects":true,"showParticleSystems":true,"showVisualEffectGraphs":true,"m_FxEnabled":false},"in2DMode":false,"pivot":{"x":-5.0092082023620609,"y":3.2820675373077394,"z":185.8188018798828},"rotation":{"x":0.033796265721321109,"y":0.8467721343040466,"z":-0.054181888699531558,"w":0.5281336307525635},"size":17.624353408813478,"orthographic":false}