{"cameraMode":{"drawMode":0,"name":"Shaded","section":"Shading Mode"},"sceneLighting":true,"audioPlay":false,"sceneViewState":{"m_AlwaysRefresh":true,"showFog":true,"showSkybox":true,"showFlares":true,"showImageEffects":true,"showParticleSystems":true,"showVisualEffectGraphs":true,"m_FxEnabled":false},"in2DMode":false,"pivot":{"x":99.25859832763672,"y":2.4925003051757814,"z":132.39999389648438},"rotation":{"x":0.023661762475967408,"y":0.9560258984565735,"z":-0.08049557358026505,"w":0.2810249924659729},"size":86.6832275390625,"orthographic":false}