{"cameraMode":{"drawMode":0,"name":"Shaded","section":"Shading Mode"},"sceneLighting":true,"audioPlay":false,"sceneViewState":{"m_AlwaysRefresh":true,"showFog":true,"showSkybox":true,"showFlares":true,"showImageEffects":true,"showParticleSystems":true,"showVisualEffectGraphs":true,"m_FxEnabled":false},"in2DMode":false,"pivot":{"x":105.19999694824219,"y":-11.909984588623047,"z":263.10003662109377},"rotation":{"x":-0.1328529715538025,"y":0.6595366597175598,"z":-0.12000951915979386,"w":-0.7300521731376648},"size":26.930465698242189,"orthographic":false}