{"cameraMode":{"drawMode":0,"name":"Shaded","section":"Shading Mode"},"sceneLighting":false,"audioPlay":false,"sceneViewState":{"m_AlwaysRefresh":true,"showFog":true,"showSkybox":false,"showFlares":true,"showImageEffects":true,"showParticleSystems":true,"showVisualEffectGraphs":true,"m_FxEnabled":false},"in2DMode":false,"pivot":{"x":0.08989930152893067,"y":-2.0019774436950685,"z":0.007506370544433594},"rotation":{"x":-0.18297253549098969,"y":0.04509798064827919,"z":-0.008435247465968132,"w":-0.9820760488510132},"size":9.087672233581543,"orthographic":false}