{"cameraMode":{"drawMode":0,"name":"Shaded","section":"Shading Mode"},"sceneLighting":false,"audioPlay":false,"sceneViewState":{"m_AlwaysRefresh":true,"showFog":true,"showSkybox":false,"showFlares":true,"showImageEffects":true,"showParticleSystems":true,"showVisualEffectGraphs":true,"m_FxEnabled":false},"in2DMode":false,"pivot":{"x":28.333084106445314,"y":4.3022050857543949,"z":0.4405093789100647},"rotation":{"x":-0.13940392434597016,"y":0.8293081521987915,"z":-0.23553790152072907,"w":-0.4874240756034851},"size":5.651665687561035,"orthographic":false}